-- MySQL dump 10.13  Distrib 8.0.22, for Win64 (x86_64)
--
-- Host: 127.0.0.1    Database: bookdb
-- ------------------------------------------------------
-- Server version	8.0.22

/*!40101 SET @OLD_CHARACTER_SET_CLIENT=@@CHARACTER_SET_CLIENT */;
/*!40101 SET @OLD_CHARACTER_SET_RESULTS=@@CHARACTER_SET_RESULTS */;
/*!40101 SET @OLD_COLLATION_CONNECTION=@@COLLATION_CONNECTION */;
/*!50503 SET NAMES utf8 */;
/*!40103 SET @OLD_TIME_ZONE=@@TIME_ZONE */;
/*!40103 SET TIME_ZONE='+00:00' */;
/*!40014 SET @OLD_UNIQUE_CHECKS=@@UNIQUE_CHECKS, UNIQUE_CHECKS=0 */;
/*!40014 SET @OLD_FOREIGN_KEY_CHECKS=@@FOREIGN_KEY_CHECKS, FOREIGN_KEY_CHECKS=0 */;
/*!40101 SET @OLD_SQL_MODE=@@SQL_MODE, SQL_MODE='NO_AUTO_VALUE_ON_ZERO' */;
/*!40111 SET @OLD_SQL_NOTES=@@SQL_NOTES, SQL_NOTES=0 */;

--
-- Table structure for table `books`
--

DROP TABLE IF EXISTS `books`;
/*!40101 SET @saved_cs_client     = @@character_set_client */;
/*!50503 SET character_set_client = utf8mb4 */;
CREATE TABLE `books` (
  `bId` int NOT NULL AUTO_INCREMENT,
  `bName` varchar(128) NOT NULL,
  `bDescription` varchar(256) NOT NULL,
  `bAuthor` varchar(128) NOT NULL,
  `bTag` varchar(45) NOT NULL,
  `bPrice` decimal(8,2) NOT NULL,
  `bPublisher` varchar(45) NOT NULL DEFAULT '出版社',
  `bUri` varchar(45) NOT NULL DEFAULT '文件名，用于获取图片',
  PRIMARY KEY (`bId`)
) ENGINE=InnoDB AUTO_INCREMENT=294 DEFAULT CHARSET=utf8mb4 COLLATE=utf8mb4_0900_ai_ci;
/*!40101 SET character_set_client = @saved_cs_client */;

--
-- Dumping data for table `books`
--

LOCK TABLES `books` WRITE;
/*!40000 ALTER TABLE `books` DISABLE KEYS */;
INSERT INTO `books` VALUES (1,'旋涡','◎伊藤润二代表作！首次简体中文版出版！◎双封+精美赠品（海报1张、书签2张、原画卡片3张），值得珍藏！◎建议18岁以上读者阅读------------...','[日] 伊藤润二 穆迪','动漫',99.00,'新星出版社','cartoon_1.jpg'),(2,'缅甸小日子','※安古兰漫画大奖得主的另类报告书※翻译成十多种语言的纸上纪录片※独一无二的缅甸纪实漫画※非浮光掠影式的深度旅行手账※一个神秘国度的荒诞与日常※漫画...','[加]盖·德利斯勒 王大莹','动漫',62.00,'后浪丨湖南美术出版社','cartoon_2.jpg'),(3,'OPUS 作品','动画大师今敏，漫画生涯至高代表作！追悼纪念，遗作重见天日，首度作为单行本出版的蕞后长篇杰作！完整收录生前被拒绝刊登的「神结局」深具自传色彩，你所能想象...','[日] 今敏 Mrs.X','动漫',88.00,'北京联合出版公司','cartoon_3.jpg'),(4,'不方便，但很幸福','?“今日漫画奖”“伊格纳兹奖”（提名）※“逃到大山里的我，是不是一个失败者？”※漫画家夫妻告别城市，体验隐居的真实日常※近600页超长篇漫画，展现山间...','[韩] 洪渊植 编绘 米糕','动漫',84.00,'后浪丨湖南美术出版社','cartoon_4.jpg'),(5,'纳闷集','后现代都市幽默，漫画市井长诗继《回答不了》后匡扶摇全新作品集，百万读者催更的原创漫画【看点推荐】●	触动百万读者，创造刷屏记录的原创漫画家匡扶，最新治...','匡扶','动漫',7.00,'雅众文化 | 湖南文艺出版社','cartoon_5.jpg'),(6,'雕塑家','✧影响千万创作者的《理解漫画》作者斯科特·麦克劳德首部图像小说✧当代幻想文学巨匠尼尔·盖曼力荐作品✧《纽约时报》《洛杉矶时报》《卫报》一致推崇※※※...','[美] 斯科特·麦克劳德 编绘 孙侃','动漫',138.00,'湖南美术出版社','cartoon_6.jpg'),(7,'生活蒙太奇','《生活蒙太奇》是一部充满奇妙质感的绘本作品，每天都有无数年轻人转发或评论它的精彩画面或动图。#生活蒙太奇#在全球社交媒体上有超过1345万以上的话题阅读（包...','天然','动漫',128.00,'湖南文艺出版社','cartoon_7.jpg'),(8,'建筑师','如果人生是一张建筑图纸属于你的那栋房屋会是什么模样？哈维奖、艾斯纳奖、洛杉矶时报图像小说获奖作品融叙事象征主义，色彩和视觉隐喻于一体的史诗级作品大火...','(美) 大卫·马祖凯利 艾琦','动漫',198.00,'北京联合出版公司','cartoon_8.jpg'),(9,'克隆达·芬奇','好莱坞御用概念设计师耗时两年倾力打造纪念达·芬奇逝世五百周年，卢浮宫博物馆官方监修中世纪文艺复兴精神融合尖新科技幻想，一出浪漫瑰奇的太空歌剧五百年前他...','[法] 斯特凡纳·勒瓦卢瓦 编绘 叶蔚林','动漫',128.00,'后浪丨湖南美术出版社','cartoon_9.jpg'),(10,'半小时漫画中国史5','看半小时漫画，通五千年历史，用漫画解读历史，开启读史新潮流。仅仅通过手绘和段子，陈磊（混子哥）就捋出了明清历史大脉络：明朝皇帝大多逃不开三件事——跟外敌斗...','陈磊','动漫',49.90,'文汇出版社','cartoon_10.jpg'),(11,'100天后会死的鳄鱼君','2019年12月12日，日本漫画家菊池佑纪开始在推特上上传一组漫画，记录了一只鳄鱼平凡的100天生命倒计时。平淡的日常，没有任何预告的生命结束点，这只鳄鱼的...','[日]菊池祐纪 毛丹青','动漫',45.00,'接力出版社','cartoon_11.jpg'),(12,'半小时漫画中国哲学史','理清中国哲学的脉络，从搞懂中国哲学三大流派开始。通过手绘漫画和段子，陈磊（笔名：混子哥）领衔的半小时漫画团队带我们真正读懂了中国哲学的三大流派——儒家、道...','陈磊·半小时漫画团队','动漫',49.90,'江苏凤凰文艺出版社','cartoon_12.jpg'),(13,'谁都可以画漫画！手冢治虫大师班','※ “画漫画只需要一支笔一张纸，然后开始画就好。”※ 为爱随手涂画的人而写的“专业书”※ 漫画之神手冢治虫亲自授业！※ 直指漫画的究极内核◎编辑推荐...','[日] 手冢治虫 甘卉','动漫',45.00,'后浪丨北京联合出版公司','cartoon_13.jpg'),(14,'结构性改革','恰逢百年未有之大变局，经济转型发展、中美贸易摩擦、新冠疫情暴发等问题交相叠加，无不考验着我国面对复杂问题的智慧和勇气，供给侧结构性改革的重要性与紧迫性空前凸...','黄奇帆','经济学',8.00,'中信出版社','economics_1.jpg'),(15,'贫穷的本质','《贫穷的本质:我们为什么摆脱不了贫穷》内容简介：他们曾被说成是白人的负担，是弱国劣政的牺牲者。他们是最底层的10亿人，生活在每天0.99美元的贫困线之下。数...','阿比吉特•班纳吉 (Abhijit V.Banerjee)、埃斯特•迪弗洛 (Esther Duflo) 景芳','经济学',58.00,'中信出版社','economics_2.jpg'),(16,'经济学原理(第7版)','《经济学原理（第7版）：微观经济学分册+宏观经济学分册》是目前国内市场上最受欢迎的引进版经济学教材之一，其最大特点是它的“学生导向”，它更多地强调经济学原理...','曼昆 (N.Gregory Mankiw) 梁小民、梁砾','经济学',128.00,'北京大学出版社','economics_3.jpg'),(17,'经济学原理','《经济学原理(第5版):微观经济学分册》是世界上最流行的经济学教材！其英文原版现已被哈佛大学、耶鲁大学、斯坦福大学等美国600余所大学用作经济学原理课程的教...','[美] N.格里高利·曼昆 梁小民、梁砾','经济学',54.00,'北京大学出版社','economics_4.jpg'),(18,'分析与思考','本书是黄奇帆教授在复旦大学所做的关于中国经济的讲座合集。本书共收录了12次讲座，根据主题分为“宏观调控”“基础货币”“资本市场”“房地产发展”“对外开放”“...','黄奇帆','经济学',98.00,'上海人民出版社','economics_5.jpg'),(19,'薛兆丰经济学讲义','我们每天收到无数纷繁复杂的信息，看到各种光怪陆离的现象，世界是复杂的。世界又并不复杂，只是你需要一双慧眼。经济学是一种帮助你成为明白人的智慧，它是观察世界...','薛兆丰','经济学',68.00,'中信出版社','economics_6.jpg'),(20,'大国大城','★限制户籍解决不了城市病，让农民工返乡治愈不了乡村隐痛！★基于本土实证，以经济视角谏言社会问题，著名经济学家的反成见、聚共识之作。房价陡升、雾霾遮天、交...','陆铭','经济学',42.00,'上海人民出版社','economics_7.jpg'),(21,'国富论','亚当·斯密并不是经济学说的最早开拓者，他最著名的思想中有许多也并非新颖独特，但是他首次提出了全面系统的经济学说，为该领域的发展打下了良好的基础。因此完全可以...','[英] 亚当·斯密 唐日松 等','经济学',69.00,'华夏出版社','economics_8.jpg'),(22,'小岛经济学','你一定非常想知道：通货膨胀到底是怎么来的？为什么中国要购买那么多的美国国债？扭转恶化的经济状况是该花钱，还是存钱？为什么有些国家很富有，而另外一些国家...','彼得·希夫、安德鲁·希夫 胡晓姣、吕靖纬、陈志超','经济学',48.00,'中信出版集团股份有限公司','economics_9.jpg'),(23,'贫穷的本质','他们曾被说成是白人的负担，是弱国劣政的牺牲者。他们是最底层的10亿人，生活在每天0.99美元的贫困线之下。数万亿美元的援助未能救他们于水火之中，他们，...','[印]阿比吉特·班纳吉、[法]埃斯特·迪弗洛 景芳','经济学',58.00,'中信出版集团','economics_10.jpg'),(24,'经济学原理（上下）','此《经济学原理》的第3版把较多篇幅用于应用与政策，较少篇幅用于正规的经济理论。书中主要从供给与需求、企业行为与消费者选择理论、长期经济增长与短期经济波动以及...','[美] 曼昆 梁小民','经济学',88.00,'机械工业出版社','economics_11.jpg'),(25,'思考，快与慢','《纽约时报》2011年度十大好书新书上市，连续20多周蝉联亚马逊、《纽约时报》畅销书排行榜前20名，上市至今超过7个月，横扫全球各大畅销书排行榜，稳居亚马...','[美] 丹尼尔·卡尼曼 胡晓姣、李爱民、何梦莹','经济学',69.00,'中信出版社','economics_12.jpg'),(26,'聪明的投资者','这是一本投资实务领域的世界级和世纪级的经典著作，自从1949年首次出版以来，本书即成为股市上的《圣经》。本修订版在完整保留格雷厄姆原著1973年第4版的基础...','本杰明·格雷厄姆、Benjamin Graham 王中华、黄一义','经济学',88.00,'人民邮电出版社','economics_13.jpg'),(27,'21世纪资本论','《二十一世纪资本论》对自18世纪工业革命至今的财富分配数据进行分析，认为不加制约的资本主义导致了财富不平等的加剧，自由市场经济并不能完全解决财富分配不平等的...','[法] 托马斯·皮凯蒂（Thomas Piketty） 巴曙松 等译','经济学',98.00,'中信出版社','economics_14.jpg'),(28,'激荡三十年','尽管任何一段历史都有它不可替代的独特性，可是，1978年—2008年的中国，却是最不可能重复的，在一个拥有近13亿人口的大国里，僵化的计划经济体制日渐瓦解了...','吴晓波','经济学',32.00,'中信出版社','economics_15.jpg'),(29,'八次危机','内容简介：\"在人们通常的意识形态中，中国没有发生过经济危机，也不可能发生经济危机，最多只能算是经济波动，而不能算是危机。但作者认为，中国不仅发生过经济危机...','温铁军 等','经济学',55.00,'东方出版社','economics_16.jpg'),(30,'经济学的思维方式','经济学入门佳作，暌违多年，新版出来长居美国亚马逊经济类榜首、美国国民经济学读本掌握社会经济运行规律，人人都能看懂的经济学专业读物◎ 编辑推荐美国芝加...','[美] 托马斯·索维尔 吴建新','经济学',88.00,'四川人民出版社','economics_17.jpg'),(31,'资本论','2018年5月5日，是卡尔·马克思诞辰200周年。为了纪念这位伟大革命导师，推动新时代下马克思主义经典作家及其重要文献研究、推动马克思主义中国化时代化大众化...','马克思','经济学',240.00,'人民出版社','economics_18.jpg'),(32,'好的经济学','为什么移民给经济带来的影响，不遵循供求规律？为什么贸易会导致失业率上升和工资下降？谁曾经真正解释了增长的原因和发生的时机？从新德里到达喀尔，从巴黎到华...','[美] 阿比吉特·班纳吉、[法] 埃斯特·迪弗洛 张缘、蒋宗强','经济学',68.00,'中信出版集团','economics_19.jpg'),(33,'棉花帝国','2015年班克罗夫特奖获奖作品，王希、仲伟民、李伯重联袂推荐！以棉花工业联动六大洲的历史描述资本主义全球化的进程，提出“战争资本主义”概念，颠覆“自由资...','[美]斯文·贝克特 徐轶杰、杨燕','经济学',118.00,'后浪丨民主与建设出版社','economics_20.jpg'),(34,'你当像鸟飞往你的山','★ 奇迹！一部新人处女作，上市第一周即登上《纽约时报》畅销榜，至今已累计80周，仍高居Top1，全美销量破百万册，作者因此书被《时代周刊》评为“年度影响力人...','[美] 塔拉·韦斯特弗 任爱红','教育',59.00,'南海出版公司','education_1.jpg'),(35,'杀死一只知更鸟','成长总是个让人烦恼的命题。成长有时会很缓慢，如小溪般唱着叮咚的歌曲趟过，有时却如此突如其来，如暴雨般劈头盖脸……三个孩子因为小镇上的几桩冤案经历了猝不及防的...','[美] 哈珀·李 高红梅','教育',32.00,'译林出版社','education_2.jpg'),(36,'杀死一只知更鸟','《杀死一只知更鸟》是公认的美国文学经典，而它在教育领域的意义却使其突破了国界，成为世界上最有名的成长小说之一。《杀死一只知更鸟》在西方世界的影响力巨大，是美...','[美] 哈珀·李 李育超','教育',48.00,'译林出版社','education_3.jpg'),(37,'小狗钱钱','《小狗钱钱》主要内容：吉娅是一个普通的12岁女孩，一次偶然的机会，她救助了一只受伤的小狗，并给它取名叫“钱钱”。没想到，钱钱居然是一位深藏不露的理财高手，它...','[德] 博多·舍费尔 王钟欣、余茜','教育',20.00,'南海出版公司','education_4.jpg'),(38,'窗边的小豆豆','《窗边的小豆豆》讲述了作者上小学时的一段真实的故事。作者因淘气被原学校退学后，来到巴学园。在小林校长的爱护和引导下，让一般人眼里“怪怪”的小豆豆逐渐成了一个...','[日] 黑柳彻子 著、岩崎千弘 图 赵玉皎','教育',20.00,'南海出版公司','education_5.jpg'),(39,'亲爱的安德烈','安德烈十四岁的时候，龙应台离开欧洲，返回台湾，就任台北市首任文化局长。等她卸任回到儿子身边，安德烈已是一个一百八十四公分高的十八岁的小伙子，坐在桌子另一边，...','龙应台、[德] 安德烈','教育',26.00,'人民文学出版社','education_6.jpg'),(40,'你想活出怎样的人生','《你想活出怎样的人生》通过一个少年成长过程中经历的困惑，探讨了生而为人真正重要的东西，影响了一代又一代读者，包括动画大师宫崎骏。《你想活出怎样的人生》是一...','[日]吉野源三郎 著、[日]胁田和 绘 史诗','教育',49.50,'南海出版公司','education_7.jpg'),(41,'优秀的绵羊','2008年，在常春藤盟校待了24年之后，耶鲁大学教授威廉·德雷谢维奇决定辞去自己的终身教职，离开这所常春藤名校。之所以这么做，是因为他感觉当前的美国精英教育...','[美] 威廉·德雷谢维奇 林杰','教育',42.00,'九州出版社','education_8.jpg'),(42,'原生家庭','不健康的家庭体系，就像高速公路上的连环追尾，其恶劣影响会代代相传！这是一部振聋发聩的家庭心理疗伤经典之作。苏珊·福沃德博士通过工作中接触到的大量真实素材，...','（美）苏珊·福沃德博士、（美）克雷格·巴克 黄姝、王婷','教育',58.00,'北京时代华文书局│阳光博客','education_9.jpg'),(43,'为什么学生不喜欢上学?','《为什么学生不喜欢上学?》一书，是美国弗吉尼亚大学心理学教授威林厄姆的重要著作，是一本深受学生和教师欢迎的教育心理学著作。他用认知心理学的原理，详细分析了学...','(美) 威廉厄姆 (Willingham.D.T.) . 著 赵萌.','教育',26.00,'江苏教育出版社','education_10.jpg'),(44,'孩子你慢慢来','作为华人世界最有影响的一支笔，龙应台的文章有万丈豪气，然而《孩子你慢慢来》却令人惊叹，她的文字也可以有款款深情。这本书里的龙应台是一个母亲，作为母亲的龙应台...','龙应台','教育',28.00,'生活·读书·新知三联书店','education_11.jpg'),(45,'娇惯的心灵','为什么中产阶级的家长都成了“虎爸虎妈”，作为“直升机式”教育方法的信徒，把孩子们照看得密不透风？为什么这些中产阶级的孩子，虽能在学术履历的“军备竞赛”中脱...','[美] 格雷格·卢金诺夫、[美] 乔纳森·海特 田雷、苏心','教育',69.00,'生活·读书·新知三联书店','education_12.jpg'),(46,'自驱型成长：如何科学有效培养孩子的自律The Self-Driven Child: The Science and Sense of Gi','绝大部分家长都坚持要一手操办孩子的一切，从做作业到交友，再到选择大学，家长都要说了算，致使孩子面对着巨大的压力。为人父母，其实是要教导孩子去独立思考、身体力...','[美] 威廉·斯蒂克斯鲁德（William Stixrud）、奈德·约翰逊（Ned Johnson） 叶壮','教育',75.00,'机械工业出版社','education_13.jpg'),(47,'正面管教','《正面管教》中告诉21世纪的父母和老师们：正面管教是一种既不惩罚也不娇纵的管教孩子的方法……孩子只有在一种和善而坚定的气氛中，才能培养出自律、责任感、合作以...','[美] 简·尼尔森 (Jane Nelsen) 玉冰','教育',29.00,'京华出版社','education_14.jpg'),(48,'你的孩子不是你的孩子','这世间最大的伤害，打的旗号叫“为你好”出版后引发巨大争议，数月雄踞博客来总榜No.1，读者有人愤怒，有人哭泣同名网剧由台湾公视制作，获第54届金钟奖5项...','吴晓乐','教育',49.80,'中国友谊出版公司','education_15.jpg'),(49,'给教师的建议','苏联当代著名教育家瓦·阿·苏霍姆林斯基是一位具有30多年教育实践经验的教育理论家。为了解决中小学的实际问题，切实提高教育、教学质量，他专为中小学教师写了一本...','[苏] B.A. 苏霍姆林斯基 杜殿坤 编译','教育',31.00,'教育科学出版社','education_16.jpg'),(50,'给青年的十二封信','本书是朱光潜先生旅欧期间写给国内青年朋友的十二封信，信中所说多为青年们所关心和应该关心的事项，如读书、修身、作文、社会运动、爱恋、哲理，凡此种种。自朱光潜先...','朱光潜','教育',12.80,'广西师范大学出版社','education_17.jpg'),(51,'如何阅读一本书','每本书的封面之下都有一套自己的骨架，作为一个分析阅读的读者，责任就是要找出这个骨架。一本书出现在面前时，肌肉包着骨头，衣服包裹着肌肉，可说是盛装而来。读者用...','[美] 莫提默·J. 艾德勒、查尔斯·范多伦 郝明义、朱衣','教育',38.00,'商务印书馆','education_18.jpg'),(52,'不平等的童年','所有的父母都希望自己的孩子能够得到最好的照顾和教育，然而，父母能够给予自己深爱的孩子们的资源、天赋、机会却不尽相同。本书以内容丰富的故事情节和极富洞察力的...','[美]安妮特·拉鲁 宋爽、张旭','教育',79.00,'北京大学出版社','education_19.jpg'),(53,'我的二本学生','作者黄灯在一所二本院校从教,长期的课堂教学以及课后的师生交流，使她成为这群学生成长变化的见证者。《我的二本学生》相当于她的教学札记，这里面有她15年一线教学...','黄灯','教育',45.00,'人民文学出版社','education_20.jpg'),(54,'人类简史','十万年前，地球上至少有六种不同的人但今日，世界舞台为什么只剩下了我们自己？从只能啃食虎狼吃剩的残骨的猿人，到跃居食物链顶端的智人，从雪维洞穴壁上的原始...','[以色列] 尤瓦尔·赫拉利 林俊宏','历史',68.00,'中信出版社','history_1.jpg'),(55,'万历十五年','万历十五年，亦即公元1587年，在西欧历史上为西班牙舰队全部出动征英的前一年；而在中国，这平平淡淡的一年中，发生了若干为历史学家所易于忽视的事件。这些事件，...','[美] 黄仁宇','历史',18.00,'生活·读书·新知三联书店','history_2.jpg'),(56,'明朝那些事儿（1-9）','《明朝那些事儿》讲述从1344年到1644年，明朝三百年间的历史。作品以史料为基础，以年代和具体人物为主线，运用小说的笔法，对明朝十七帝和其他王公权贵和小人...','当年明月','历史',358.20,'中国海关出版社','history_3.jpg'),(57,'中国历代政治得失','《中国历代政治得失》为作者的专题演讲合集，分别就中国汉、唐、宋、明、清五代的政府组织、百官职权、考试监察、财经赋税、兵役义务等种种政治制度作了提要勾玄的概观...','钱穆','历史',12.00,'生活·读书·新知三联书店','history_4.jpg'),(58,'埃及、希腊与罗马','牛津大学出版社20年修订3版，英语世界古代地中海文明通史标准读本融最新考古发现、文献解读与游记笔调于一体政治、军事、文化、艺术多角度立体呈现88幅精美...','[英] 查尔斯·弗里曼 李大维、刘亮','历史',168.00,'后浪丨民主与建设出版社','history_5.jpg'),(59,'枪炮、病菌与钢铁','为什么是欧亚大陆人征服、赶走或大批杀死印第安人、澳大利亚人和非洲人，而不是相反？为什么么小麦和玉米、牛和猪以及现代世界的其他一些“不了起的”作物和牲畜出现在...','[美] 贾雷德·戴蒙德 谢延光','历史',45.00,'上海世纪出版集团','history_6.jpg'),(60,'巨人的陨落','在第一次世界大战的硝烟中，每一个迈向死亡的生命都在热烈地生长——威尔士的矿工少年、刚失恋的美国法律系大学生、穷困潦倒的俄国兄弟、富有英俊的英格兰伯爵，以及痴...','[英] 肯·福莱特 于大卫','历史',129.80,'江苏凤凰文艺出版社','history_7.jpg'),(61,'两京十五日','《两京十五日》是马伯庸创作的一本长篇历史小说。本书故事源于《明史》里关于朱瞻基的一段真实记载——“夏四月，以南京地屡震，命往居守。五月庚辰，仁宗不豫，玺书...','马伯庸','历史',108.00,'湖南文艺出版社','history_8.jpg'),(62,'文化失忆','我们生活的世纪脱胎于二十世纪，正如一道黑烟从石油大火中升起。如果不能记住所有的事情，我们至少应该知道自己忘记了什么。.克莱夫·詹姆斯用了四十年时间完成...','[澳] 克莱夫·詹姆斯 丁骏、张楠、盛韵、冯洁音','历史',138.00,'理想国丨北京日报出版社','history_9.jpg'),(63,'全球通史','《全球通史》由斯塔夫里阿诺斯著，吴象婴、梁赤民、董书慧、王昶译，作者在本书中采用全新的史学观点和方法，将整个世界看作一个不可分割的有机的统一体，从全球的角度...','(美) 斯塔夫里阿诺斯 吴象婴、梁赤民、董书慧、王昶','历史',168.00,'北京大学出版社','history_10.jpg'),(64,'三国演义（全二册）','《三国演义》又名《三国志演义》、《三国志通俗演义》，是我国小说史上最著名最杰出的长篇章回体历史小说。 《三国演义》的作者是元末明初人罗贯中，由毛纶，毛宗岗父...','[明] 罗贯中','历史',39.50,'人民文学出版社','history_11.jpg'),(65,'人类简史','【内容简介】十万年前，地球上至少有六种不同的人，但今日，世界舞台为什么只剩下我们自己？从只能啃食虎狼吃剩残骨的猿人，到跃居食物链顶端的智人，从雪维洞...','[以] 尤瓦尔·赫拉利 林俊宏','历史',68.00,'中信出版集团','history_12.jpg'),(66,'邓小平时代','邓小平深刻影响了中国历史和世界历史的走向，也改变了每一当代中国人的命运。解读邓小平的政治生涯及其行为逻辑，就是解读当代中国，解读个人命运背后的历史变局。哈...','[美] 傅高义 冯克利','历史',88.00,'生活·读书·新知三联书店','history_13.jpg'),(67,'长安客','长安的大雨天，杜甫睡在青苔与积水里；李白困在翰林院的书堆里打瞌睡，金灿灿的宫殿仿佛近在咫尺，又远远相隔；小旅馆里王维正为少年时的诗作标注年龄，窗外慈恩寺里俗...','北溟鱼','历史',45.00,'天津人民出版社','history_14.jpg'),(68,'中世纪历史与文化','中世纪并不黑暗，这片沃土孕育了现代欧洲人物，细节有血有肉，纵论历史大势，高屋建瓴◎ 编辑推荐☆欧洲“中世纪”是什么样的时代？不同人有不同的理解。如果说...','[德] 约翰内斯·弗里德 李文丹、谢娟','历史',99.80,'后浪丨九州出版社','history_15.jpg'),(69,'东晋门阀政治','本书以丰富的史料和周密的考证分析，对中国中古历史中的门阀政治问题作了再探索，认为中外学者习称的魏晋南北朝门阀政治，实际上只存在于东晋一朝；门阀政治是皇权政治...','田余庆','历史',49.00,'北京大学出版社','history_16.jpg'),(70,'显微镜下的大明','★ 马伯庸全新历史纪实作品，一本值得收藏的明朝历史书★ 六件罕为人知的明代档案，六个尘封已久的民生往事★ 生动的基层治政手册，于细微处读懂真正的古代中国...','马伯庸','历史',52.00,'湖南文艺出版社','history_17.jpg'),(71,'现代艺术史（插图第六版）','艺术史领域重量级经典，现代艺术百科全书式著作欧美高校50年来标准教科书，了解现代艺术入门必读40多年5次重新修订与时俱进，国内首度正版足本引进?编辑推...','[美] H. H. 阿纳森、[美] 伊丽莎白·C. 曼斯菲尔德 钱志坚','历史',460.00,'后浪丨湖南美术出版社','history_18.jpg'),(72,'第三帝国的到来','德国在一战前曾是欧洲最富裕、最强大的经济体，反犹主义在政治中明显处于边缘地位。然而，起初只是一群极端分子和恶棍的纳粹党人，在数年之中就把德国变成了一党独裁的...','[英] 理查德·J. 埃文斯 赖丽薇','历史',145.00,'九州出版社','history_19.jpg'),(73,'明朝那些事儿','《明朝那些事儿》这篇文主要讲述的是从1344年到1644年这三百年间关于明朝的一些事情，以史料为基础，以年代和具体人物为主线，并加入了小说的笔法，对明朝十七...','当年明月','历史',208.60,'浙江人民出版社','history_20.jpg'),(74,'活着','《活着(新版)》讲述了农村人福贵悲惨的人生遭遇。福贵本是个阔少爷，可他嗜赌如命，终于赌光了家业，一贫如洗。他的父亲被他活活气死，母亲则在穷困中患了重病，福贵...','余华','小说',20.00,'作家出版社','novel_1.jpg'),(75,'白夜行','东野圭吾万千书迷心中的无冕之王周刊文春推理小说年度BEST10第1名本格推理小说年度BEST10第2名《白夜行》是东野圭吾迄今口碑最好的长篇杰作，具备...','[日] 东野圭吾 刘姿君','小说',39.50,'南海出版公司','novel_2.jpg'),(76,'长夜难明','麦家、鹦鹉史航、马伯庸、雷米、周浩晖都推崇的作家社会派悬疑推理大神紫金陈“推理之王”系列第3部改编网络剧《沉默的真相》，廖凡、白宇主演，即将重磅上线第...','紫金陈','小说',42.00,'云南人民出版社','novel_3.jpg'),(77,'夜晚的潜水艇','仿佛鸟栖树，鱼潜渊，一切稳妥又安宁，夜晚这才真正地降临。《夜晚的潜水艇》是作家陈春成的首部短篇小说集。九个故事，笔锋游走于旧山河与未知宇宙间，以瑰奇飘扬的...','陈春成','小说',52.00,'理想国|上海三联书店','novel_4.jpg'),(78,'红楼梦','《红楼梦》是一部百科全书式的长篇小说。以宝黛爱情悲剧为主线，以四大家族的荣辱兴衰为背景，描绘出18世纪中国封建社会的方方面面，以及封建专制下新兴资本主义民主...','[清] 曹雪芹 著、高鹗 续','小说',59.70,'人民文学出版社','novel_5.jpg'),(79,'房思琪的初恋乐园','令人心碎却无能为力的真实故事。向死而生的文学绝唱  打动万千读者的年度华语小说。李银河 戴锦华 骆以军 张悦然 冯唐 詹宏志 蒋方舟 史航 等多位学者作...','林奕含','小说',45.00,'北京联合出版公司','novel_6.jpg'),(80,'小王子','小王子是一个超凡脱俗的仙童，他住在一颗只比他大一丁点儿的小行星上。陪伴他的是一朵他非常喜爱的小玫瑰花。但玫瑰花的虚荣心伤害了小王子对她的感情。小王子告别小行...','[法] 圣埃克苏佩里 马振聘','小说',22.00,'人民文学出版社','novel_7.jpg'),(81,'百年孤独','《百年孤独》是魔幻现实主义文学的代表作，描写了布恩迪亚家族七代人的传奇故事，以及加勒比海沿岸小镇马孔多的百年兴衰，反映了拉丁美洲一个世纪以来风云变幻的历史。...','[哥伦比亚] 加西亚·马尔克斯 范晔','小说',39.50,'南海出版公司','novel_8.jpg'),(82,'1984','★村上春树以《1Q84》向本书致敬★著名学者刘绍铭经典译本内地首次出版★62种文字风靡110个国家，全球销量超过5000万册★《时代周刊》“最好的10...','[英] 乔治·奥威尔 刘绍铭','小说',28.00,'北京十月文艺出版社','novel_9.jpg'),(83,'呐喊','《呐喊》是鲁迅1918-1922年所作的短篇小说的结集，收有《狂人日记》、《孔乙己》、《药》、《明天》、《一件小事》、《头发的故事》等14篇作品。当时正值五...','鲁迅','小说',0.30,'人民文学出版社','novel_10.jpg'),(84,'解忧杂货店','现代人内心流失的东西，这家杂货店能帮你找回——僻静的街道旁有一家杂货店，只要写下烦恼投进卷帘门的投信口，第二天就会在店后的牛奶箱里得到回答。因男友身患绝...','[日] 东野圭吾 李盈春','小说',39.50,'南海出版公司','novel_11.jpg'),(85,'追风筝的人','12岁的阿富汗富家少爷阿米尔与仆人哈桑情同手足。然而，在一场风筝比赛后，发生了一件悲惨不堪的事，阿米尔为自己的懦弱感到自责和痛苦，逼走了哈桑，不久，自己也跟...','[美] 卡勒德·胡赛尼 李继宏','小说',29.00,'上海人民出版社','novel_12.jpg'),(86,'霍乱时期的爱情','★马尔克斯唯一正式授权，首次完整翻译★《霍乱时期的爱情》是我最好的作品，是我发自内心的创作。——加西亚•马尔克斯★这部光芒闪耀、令人心碎的作品是人类有史...','[哥伦比亚] 加西亚·马尔克斯 杨玲','小说',39.50,'南海出版公司','novel_13.jpg'),(87,'局外人','《局外人》是加缪小说的成名作和代表作之一，堪称20世纪整个西方文坛最具有划时代意义最著名小说之一，“局外人”也由此成为整个西方文学-哲学中最经典的人物形象和...','[法] 阿尔贝·加缪 柳鸣九','小说',22.00,'上海译文出版社','novel_14.jpg'),(88,'许三观卖血记','《许三观卖血记》是余华1995年创作的一部长篇小说。《许三观卖血记》以博大的温情描绘了磨难中的人生，以激烈的故事形式表达了人在面对厄运时求生的欲望。小说讲述...','余华','小说',24.00,'作家出版社','novel_15.jpg'),(89,'杀死一只知更鸟','成长总是个让人烦恼的命题。成长有时会很缓慢，如小溪般唱着叮咚的歌曲趟过，有时却如此突如其来，如暴雨般劈头盖脸……三个孩子因为小镇上的几桩冤案经历了猝不及防的...','[美] 哈珀·李 高红梅','小说',32.00,'译林出版社','novel_16.jpg'),(90,'两京十五日','《两京十五日》是马伯庸创作的一本长篇历史小说。本书故事源于《明史》里关于朱瞻基的一段真实记载——“夏四月，以南京地屡震，命往居守。五月庚辰，仁宗不豫，玺书...','马伯庸','小说',108.00,'湖南文艺出版社','novel_17.jpg'),(91,'云边有个小卖部','云边镇少年刘十三的成长故事。刘十三自幼与开小卖部的外婆相依为命，努力读书为了离开小镇，追寻远方与梦想。在城市里碰壁受挫的刘十三回到了小镇，与少时玩伴程霜重...','张嘉佳','小说',42.00,'湖南文艺出版社','novel_18.jpg'),(92,'三体全集','三体三部曲 (《三体》《三体Ⅱ·黑暗森林》《三体Ⅲ·死神永生》) ，原名“地球往事三部曲”，是中国著名科幻作家刘慈欣的首个长篇系列，由科幻世界杂志社策划制作...','刘慈欣','小说',168.00,'重庆出版社','novel_19.jpg'),(93,'月亮与六便士','“满地都是六便士，他却抬头看见了月亮。”银行家查尔斯，人到中年，事业有成，为了追求内心隐秘的绘画梦想，突然抛妻别子，弃家出走。他深知：人的每一种身份都是一...','[英] 威廉·萨默塞特·毛姆 徐淳刚','小说',39.80,'浙江文艺出版社','novel_20.jpg'),(94,'彷徨','《彷徨》收入鲁迅1924年至1925年所作的小说，首篇《祝福》写于1924年2月16日，末篇《离婚》写于1925年11月6日，实际的时间跨度是一年半多，19...','鲁迅','小说',0.30,'人民文学出版社','novel_21.jpg'),(95,'围城','《围城》是钱钟书所著的长篇小说。第一版于1947年由上海晨光出版公司出版。1949年之后，由于政治等方面的原因，本书长期无法在中国大陆和台湾重印，仅在香港出...','钱锺书','小说',19.00,'人民文学出版社','novel_22.jpg'),(96,'怪诞故事集','◎诺贝尔文学奖得主奥尔加·托卡尔丘克最新小说集◎从波兰语直接翻译◎2018年诺贝尔文学奖得主（2019年授予）；尼刻奖、布克国际奖等多项大奖获得者◎森...','[波兰] 奥尔加·托卡尔丘克 李怡楠','小说',45.00,'浙江文艺出版社','novel_23.jpg'),(97,'白鹿原','在从清末民初到建国之初的半个世纪里，一阵阵狂风掠过了白鹿原上空，而每一次的变动都震荡着它的内在结构：打乱了再恢复，恢复了再打乱，细腻地反映出白姓和鹿姓两大家...','陈忠实','小说',39.00,'人民文学出版社','novel_24.jpg'),(98,'嫌疑人X的献身','百年一遇的数学天才石神，每天唯一的乐趣，便是去固定的便当店买午餐，只为看一眼在便当店做事的邻居靖子。靖子与女儿相依为命，失手杀了前来纠缠的前夫。石神提出由...','[日] 东野圭吾 刘子倩','小说',28.00,'南海出版公司','novel_25.jpg'),(99,'人生海海','★豆瓣2019年度书单·中国文学（小说类） 第一名·“他是全村最出奇古怪的人，古怪的名目要扳着指头一个一个数：第一，他当过国民党军队的上校，是革命群众...','麦家','小说',55.00,'北京十月文艺出版社','novel_26.jpg'),(100,'平凡的世界（全三部）','《平凡的世界》是一部现实主义小说，也是一部小说形式的家族史。作者浓缩了中国西北农村的历史变迁过程，在小说中全景式地表现了中国当代城乡的社会生活。在近十年的广...','路遥','小说',64.00,'人民文学出版社','novel_27.jpg'),(101,'三体','文化大革命如火如荼进行的同时。军方探寻外星文明的绝秘计划“红岸工程”取得了突破性进展。但在按下发射键的那一刻，历经劫难的叶文洁没有意识到，她彻底改变了人类的...','刘慈欣','小说',23.00,'重庆出版社','novel_28.jpg'),(102,'坏小孩','麦家、鹦鹉史航、马伯庸、雷米、周浩晖都推崇的作家社会派悬疑推理大神紫金陈“推理之王”系列第2部改编网络剧《隐秘的角落》，秦昊、王景春主演，现已重磅上线...','紫金陈','小说',54.00,'湖南文艺出版社','novel_29.jpg'),(103,'飘','小说中的故事发生在1861年美国南北战争前夕。生活在南方的少女郝思嘉从小深受南方文化传统的熏陶，可在她的血液里却流淌着野性的叛逆因素。随着战火的蔓廷和生活环...','[美国] 玛格丽特·米切尔 李美华','小说',40.00,'译林出版社','novel_30.jpg'),(104,'82年生的金智英','一个女孩要经历多少看不见的坎坷，才能跌跌撞撞地长大成人。亚洲10年来罕见的现象级畅销书，凭口口相传在韩国销量突破100万册。韩国书店联合会评选2017年...','[韩]赵南柱 尹嘉玄','小说',45.00,'贵州人民出版社','novel_31.jpg'),(105,'往复书简：初恋与不伦','✉【编辑推荐】是枝裕和、椎名林檎、满岛光推崇的日剧大神，《东京爱情故事》《四重奏》编剧坂元裕二唯一心碎小说集首度引进；写给孤独者的深情书简，致艰难生存的...','[日] 坂元裕二 蕾克','小说',42.00,'北京联合出版公司','novel_32.jpg'),(106,'故事新编','《故事新编》是鲁迅的一部短篇小说集，收录了鲁迅在1922年～1935年间创作的短篇小说八篇。1936年1月由上海文化生活出版社初版，列为巴金所编的《文学丛刊...','鲁迅','小说',0.31,'人民文学出版社','novel_33.jpg'),(107,'月亮和六便士','一个英国证券交易所的经纪人，本已有牢靠的职业和地位、美满的家庭，但却迷恋上绘画，像“被魔鬼附了体”，突然弃家出走，到巴黎去追求绘画的理想。他的行径没有人能够...','[英] 毛姆 傅惟慈','小说',15.00,'上海译文出版社','novel_34.jpg'),(108,'送奶工','2018 布克奖2018 全美国家书评人协会奖2019 奥威尔奖2020 都柏林国际文学奖·别再窥探我的生活。没有肢体接触，就不构成侵犯了吗？1...','[英] 安娜·伯恩斯 吴洁静','小说',58.00,'江苏凤凰文艺出版社','novel_35.jpg'),(109,'牧羊少年奇幻之旅','牧羊少年圣地亚哥接连两次做了同一个梦，梦见埃及金字塔附近藏有一批宝藏。少年卖掉羊群，历尽千辛万苦一路向南，跨海来到非洲，穿越“死亡之海”撒哈拉大沙漠……期间...','[巴西] 保罗·柯艾略 丁文林','小说',25.00,'南海出版公司','novel_36.jpg'),(110,'正常人','★ 风靡全球的电视剧 Normal People 原著★ 九零后爱尔兰女作家，英国图书奖、科斯塔图书奖有史以来最年轻的获奖者萨莉•鲁尼的代表作★ 201...','[爱尔兰] 萨莉·鲁尼 钟娜','小说',49.80,'上海译文出版社','novel_37.jpg'),(111,'围城','《围城》是一幅栩栩如生的世井百态图，人生的酸甜苦辣千般滋味均在其中得到了淋漓尽致的体现。钱钟书先生将自己的语言天才并入极其渊博的知识，再添加上一些讽刺主义的...','钱钟书','小说',39.00,'人民文学出版社','novel_38.jpg'),(112,'土星之环','☀内容简介悼念上升的幻觉悼念瓦解于尘的秩序这是一场举行过无数次的葬礼我们终将在沉降中汇合本书是塞巴尔德继《移民》之后又一享誉国际的作品，记录了叙事...','[德] 温弗里德·塞巴尔德 闵志荣','小说',64.00,'广西师范大学出版社','novel_39.jpg'),(113,'风声','茅盾文学奖得主麦家代表作《风声》，2020年全新修订版本.风声大作，震撼上市！=========【编辑推荐】◆经历过大孤独、大绝望的人，会懂得《风...','麦家','小说',59.90,'上海文艺出版社','novel_40.jpg'),(114,'鼠疫','阿尔贝•加缪（1913—1960）是法国声名卓著的小说家、散文家和剧作家，“存在主义”文学的大师。1957年因“热情而冷静地阐明了当代向人类良知提出的种种问...','(法)阿尔贝·加缪 刘方','小说',34.00,'上海译文出版社','novel_41.jpg'),(115,'蛤蟆先生去看心理医生','蛤蟆先生一向爱笑爱闹，如今却一反常态地郁郁寡欢，他一个人躲在屋里，连起床梳洗的力气都没有。朋友们非常担心他，建议他去做心理咨询。在10次心理咨询中，蛤蟆在咨...','【英】罗伯特·戴博德 陈赢','小说',38.00,'天津人民出版社','novel_42.jpg'),(116,'明朝那些事儿（1-9）','《明朝那些事儿》讲述从1344年到1644年，明朝三百年间的历史。作品以史料为基础，以年代和具体人物为主线，运用小说的笔法，对明朝十七帝和其他王公权贵和小人...','当年明月','小说',358.20,'中国海关出版社','novel_43.jpg'),(117,'生吞','现象级悬疑力作，悬疑文学榜年度黑马作品；张一白、史航、那多、关晓彤联名推荐！数度脱销，重磅再版！睽违数年，郑执重操长篇。构思两年半，以现实大案为背景，推理...','郑执','小说',39.00,'浙江文艺出版社','novel_44.jpg'),(118,'平面国','很难简单概括《平面国》这本书。它可以是：首次解释\"维度\"概念的科普读物、脑洞大开的科幻小说、煞有介事的数学童话、剑走偏锋的精神启蒙、辛辣讽喻英国维多利亚时...','埃德温·A·艾勃特 鲁冬旭','小说',39.00,'上海文化出版社','novel_45.jpg'),(119,'梦里花落知多少','《梦里花落知多少》是郭敬明出版第二部小说，此作一改《幻城》的奇幻风格，从天上回到人间。小说以北京、上海等大都市为背景，讲述了几个年青人的爱情故事，情节曲折，...','郭敬明','小说',20.00,'春风文艺出版社','novel_46.jpg'),(120,'傲慢与偏见','《傲慢与偏见》是简·奥斯汀的代表作，是一部描写爱情与婚姻的经典小说。作品以男女主人公达西和伊丽莎白由于傲慢和偏见而产生的爱情纠葛为线索，共写了四起姻缘：伊丽...','[英] 奥斯丁 张玲、张扬','小说',13.00,'人民文学出版社','novel_47.jpg'),(121,'默读','童年，成长经历，家庭背景，社会关系，创伤……我们不断追溯与求索犯罪者的动机，探寻其中最幽微的喜怒哀乐，不是为了设身处地地同情、乃至于原谅他们，不是为了给罪...','Priest','小说',45.00,'百花洲文艺出版社','novel_48.jpg'),(122,'晚熟的人','内容简介：诺贝尔文学奖得主  莫言获奖后首部作品十年蕴积，人事全新。一言掷地，壁立千仞。莫言的想象飞越于整个人类的存在状态之上。——诺贝尔文学...','莫言','小说',59.00,'人民文学出版社','novel_49.jpg'),(123,'动物农场','《动物农场》是奥威尔最优秀的作品之一，是一则入木三分的反乌托的政治讽喻寓言。农场的一群动物成功地进行了一场“革命”，将压榨他们的人类东家赶出农场，建立起一...','[英] 乔治·奥威尔 荣如德','小说',10.00,'上海译文出版社','novel_50.jpg'),(124,'献给阿尔吉侬的花束','很多人都笑我。但他们是我的朋友我们都很快乐。—	以《献给阿尔吉侬的花束》原著改编，野岛伸司编剧、山下智久主演的TBS日剧于2015年春季开播—	《24个...','[美] 丹尼尔·凯斯 陈澄和','小说',36.00,'广西师范大学出版社','novel_51.jpg'),(125,'凡人之心','“我必须尽快开始真正的生活了，在我死于无聊和沮丧之前。”以个人的生活经历串联起20世纪社会的历史，记录下生命中最重要的主题：爱与怜悯，激情与背叛，谎言与梦...','[英] 威廉·博伊德 王一凡','小说',79.00,'湖南文艺出版社','novel_52.jpg'),(126,'边城','《边城》是沈从文的代表作，写于一九三三年至一九三四年初。这篇作品如沈从文的其他湘西作品，着眼于普通人、善良人的命运变迁，描摹了湘女翠翠阴差阳错的生活悲剧，诚...','沈从文、黄永玉 卓雅 插图.','小说',12.00,'北岳文艺出版社','novel_53.jpg'),(127,'树上的男爵','在大陆，王小波、苏童、阿城、止庵是他的忠实粉丝在台湾，朱天文，唐诺是卡尔维诺不余遗力的传播者在香港，梁文道说他一直在准备谈卡尔维诺，可是一直没准备好权...','[意] 伊塔洛·卡尔维诺 吴正仪','小说',30.00,'译林出版社','novel_54.jpg'),(128,'我的天才女友','只有你身为女人才会知道这些丑陋的秘密两个女人，50年的友谊和战争过去五年，几乎所有欧美读者都在谈论她、全球畅销百万册 被翻译成40种语言《金融时报》...','[意] 埃莱娜·费兰特 陈英','小说',42.00,'人民文学出版社','novel_55.jpg'),(129,'三国演义（全二册）','《三国演义》又名《三国志演义》、《三国志通俗演义》，是我国小说史上最著名最杰出的长篇章回体历史小说。 《三国演义》的作者是元末明初人罗贯中，由毛纶，毛宗岗父...','[明] 罗贯中','小说',39.50,'人民文学出版社','novel_56.jpg'),(130,'骆驼祥子','《骆驼祥子》是老舍用同情的笔触描绘的一幕悲剧：二十年代的北京，一个勤劳、壮实的底层社会小人物怀着发家、奋斗的美好梦想，却最终为黑暗的暴风雨所吞噬。它揭示了当...','老舍','小说',12.00,'人民文学出版社','novel_57.jpg'),(131,'恶意','畅销书作家在出国的前一晚于家中被杀。凶手很快落网，对罪行供认不讳、但求速死，却对作案动机语焉不详。他当真是罪犯？他究竟为何杀人？在彻查被害人与凶手的过去...','[日] 东野圭吾 娄美莲','小说',18.00,'南海出版公司','novel_58.jpg'),(132,'无声告白','我们终此一生，就是要摆脱他人的期待，找到真正的自己。——————————莉迪亚死了，可他们还不知道。莉迪亚是家中老二，李先生和李太太的掌上明珠，她遗传...','[美] 伍绮诗 孙璐','小说',35.00,'江苏凤凰文艺出版社','novel_59.jpg'),(133,'伟大的孤独','★《萤火虫小巷》作者超越新作！作者因此书击败J.K.罗琳、胡赛尼等99名知名作家，强势登顶美国亚马逊kindle作家排行榜。★畅销三百万册， 四十二种语言...','[美] 克莉丝汀·汉娜 康学慧','小说',55.00,'浙江教育出版社','novel_60.jpg'),(134,'Python编程','本书是一本针对所有层次的Python 读者而作的Python 入门书。全书分两部分：第一部分介绍用Python 编程所必须了解的基本概念，包括matplot...','[美] 埃里克·马瑟斯 袁国忠','编程',89.00,'人民邮电出版社','program_1.jpg'),(135,'C++ Primer 中文版（第 5 版）','这本久负盛名的 C++经典教程，时隔八年之久，终迎来史无前例的重大升级。除令全球无数程序员从中受益，甚至为之迷醉的——C++ 大师 Stanley B. L...','[美] Stanley B. Lippman、[美] Josée Lajoie、[美] Barbara E. Moo 王刚、杨巨峰','编程',128.00,'电子工业出版社','program_2.jpg'),(136,'算法图解','本书示例丰富，图文并茂，以让人容易理解的方式阐释了算法，旨在帮助程序员在日常项目中更好地发挥算法的能量。书中的前三章将帮助你打下基础，带你学习二分查找、大O...','[美] Aditya Bhargava 袁国忠','编程',49.00,'人民邮电出版社','program_3.jpg'),(137,'编码','本书讲述的是计算机工作原理。作者用丰富的想象和清晰的笔墨将看似繁杂的理论阐述得通俗易懂，你丝毫不会感到枯燥和生硬。更重要的是，你会因此而获得对计算机工作原理...','[美] Charles Petzold 左飞、薛佟佟','编程',55.00,'电子工业出版社','program_4.jpg'),(138,'流畅的Python','【技术大咖推荐】“很荣幸担任这本优秀图书的技术审校。这本书能帮助很多中级Python程序员掌握这门语言，我也从中学到了相当多的知识！”——Alex Mar...','[巴西] Luciano Ramalho 安道、吴珂','编程',13.00,'人民邮电出版社','program_5.jpg'),(139,'计算机程序的构造和解释(原书第2版)','《计算机程序的构造和解释(原书第2版)》1984年出版，成型于美国麻省理工学院(MIT)多年使用的一本教材，1996年修订为第2版。在过去的二十多年里，《计...','Harold Abelson、Gerald Jay Sussman、Julie Sussman 裘宗燕','编程',45.00,'机械工业出版社','program_6.jpg'),(140,'黑客与画家','本书是硅谷创业之父Paul Graham 的文集，主要介绍黑客即优秀程序员的爱好和动机，讨论黑客成长、黑客对世界的贡献以及编程语言和黑客工作方法等所有对计算...','[美] Paul Graham 阮一峰','编程',49.00,'人民邮电出版社','program_7.jpg'),(141,'代码大全（第2版）','第2版的《代码大全》是著名IT畅销书作者史蒂夫·迈克康奈尔11年前的经典著作的全新演绎：第2版不是第一版的简单修订增补，而是完全进行了重写；增加了很多与时俱...','[美] 史蒂夫·迈克康奈尔 金戈、汤凌、陈硕、张菲 译、裘宗燕 审校','编程',128.00,'电子工业出版社','program_8.jpg'),(142,'深入理解计算机系统（原书第2版）','本书从程序员的视角详细阐述计算机系统的本质概念，并展示这些概念如何实实在在地影响应用程序的正确性、性能和实用性。全书共12章，主要内容包括信息的表示和处理、...','（美）Randal E.Bryant、David O\' Hallaron 龚奕利、雷迎春','编程',99.00,'机械工业出版社','program_9.jpg'),(143,'程序员修炼之道(第2版)','《程序员修炼之道》之所以在全球范围内广泛传播，被一代代开发者奉为圭臬，盖因它可以创造出真正的价值：或编写出更好的软件，或探究出编程的本质，而所有收获均不依赖...','David Thomas、Andrew Hunt 云风','编程',89.00,'电子工业出版社','program_10.jpg'),(144,'深入理解计算机系统（原书第3版）','和第2版相比，本版内容上*大的变化是，从以IA32和x86-64为基础转变为完全以x86-64为基础。主要更新如下：基于x86-64，大量地重写代码，首次...','Randal E.Bryant、David O\' Hallaron 龚奕利、贺莲','编程',139.00,'机械工业出版社','program_11.jpg'),(145,'重构','重构，一言以蔽之，就是在不改变外部行为的前提下，有条不紊地改善代码。多年前，正是本书原版的出版，使重构终于从编程高手们的小圈子走出，成为众多普通程序员日常开...','Martin Fowler 熊节','编程',69.00,'人民邮电出版社','program_12.jpg'),(146,'C程序设计语言','在计算机发展的历史上，没有哪一种程序设计语言像C语言这样应用广泛。本书原著即为C语言的设计者之一Dennis M.Ritchie和著名计算机科学家Brian...','（美）Brian W. Kernighan、（美）Dennis M. Ritchie 徐宝文、李志译、尤晋元审校','编程',30.00,'机械工业出版社','program_13.jpg'),(147,'算法（第4版）','本书全面讲述算法和数据结构的必备知识，具有以下几大特色。     算法领域的经典参考书Sedgewick畅销著作的最新版，反映了经过几十年演化而成的算...','塞奇威克 (Robert Sedgewick)、韦恩 (Kevin Wayne) 谢路云','编程',99.00,'人民邮电出版社','program_14.jpg'),(148,'Python深度学习','本书由Keras之父、现任Google人工智能研究员的弗朗索瓦•肖莱（François Chollet）执笔，详尽介绍了用Python和Keras进行深度学...','[美] 弗朗索瓦•肖莱 张亮','编程',119.00,'人民邮电出版社','program_15.jpg'),(149,'数据密集型应用系统设计','全书分为三大部分：第一部分，主要讨论有关增强数据密集型应用系统所需的若干基本原则。首先开篇第1章即瞄准目标：可靠性、可扩展性与可维护性，如何认识这些问题以...','Martin Kleppmann 赵军平、李三平、吕云松、耿煜','编程',128.00,'中国电力出版社','program_16.jpg'),(150,'设计模式','这本书结合设计实作例从面向对象的设计中精选出23个设计模式，总结了面向对象设计中最有价值的经验，并且用简洁可复用的形式表达出来。书中分类描述了一组设计良好、...','[美] Erich Gamma、Richard Helm、Ralph Johnson、John Vlissides 李英军、马晓星、蔡敏、刘建中 等','编程',35.00,'机械工业出版社','program_17.jpg'),(151,'程序员的自我修养','这本书主要介绍系统软件的运行机制和原理，涉及在Windows和Linux两个系统平台上，一个应用程序在编译、链接和运行时刻所发生的各种事项，包括：代码指令是...','俞甲子、石凡、潘爱民','编程',65.00,'电子工业出版社','program_18.jpg'),(152,'JavaScript高级程序设计（第4版）','本书是JavaScript经典图书的新版。第4版全面、深入地介绍了JavaScript开发者必须掌握的前端开发技术，涉及JavaScript的基础特性和高级...','[美] 马特·弗里斯比 李松峰','编程',129.00,'人民邮电出版社','program_19.jpg'),(153,'Java编程思想 （第4版）','本书赢得了全球程序员的广泛赞誉，即使是最晦涩的概念，在Bruce Eckel的文字亲和力和小而直接的编程示例面前也会化解于无形。从Java的基础语法到最高级...','[美] Bruce Eckel 陈昊鹏','编程',108.00,'机械工业出版社','program_20.jpg'),(154,'朝花夕拾','《小引》《狗·猫·鼠》《阿长与山海经》《二十四孝图》《五猖会》《无常》《从百草园到三味书屋》《父亲的病》《琐记》《藤野先生》《范爱农》...','鲁迅','散文',0.20,'人民文学出版社','prose_1.jpg'),(155,'撒哈拉的故事','三毛作品中最脍炙人口的《撒哈拉的故事》，由12篇精彩动人的散文结合而成，其中《沙漠中的饭店》，是三毛适应荒凉单调的沙漠生活后，重新拾笔的第一篇文字，自此之后...','三毛','散文',15.80,'哈尔滨出版社','prose_2.jpg'),(156,'野草','本书所收散文诗23篇〔包括一首打油诗和一出诗剧〕，最初都曾陆续发表于1924年12月至1926年1月的《语丝》周刊上，《题辞》最初也曾发表于1927年7月2...','鲁迅','散文',0.20,'人民文学出版社','prose_3.jpg'),(157,'我们仨','《我们仨》是钱钟书夫人杨绛撰写的家庭生活回忆录。1998年，钱钟书逝世，而他和杨绛唯一的女儿钱瑗已于此前（1997年）先他们而去。在人生的伴侣离去四年后，杨...','杨绛','散文',18.80,'生活·读书·新知三联书店','prose_4.jpg'),(158,'沉默的大多数','这本杂文随笔集包括思想文化方面的文章，涉及知识分子的处境及思考，社会道德伦理，文化论争，国学与新儒家，民族主义等问题；包括从日常生活中发掘出来的各种真知灼见...','王小波','散文',27.00,'中国青年出版社','prose_5.jpg'),(159,'我与地坛','收有“午餐半小时”、“我的遥远的清平湾”、“命若琴弦”、“第一人称”、“两个故事”等15篇史铁生的代表作。','史铁生','散文',25.00,'春风文艺出版社','prose_6.jpg'),(160,'浮生六记','这是一部自传体文学的作品，原书六卷，已逸其二，现仅存四卷（有所谓“足本”者，后二记系伪作。书中记叙了作者夫妇间平凡的家居生活，坎坷际遇，和各地浪游闻见。文辞...','（清）沈复','散文',5.70,'人民文学出版社','prose_7.jpg'),(161,'人间草木','《人间草木》(汪曾祺著)是汪曾祺优秀的散文集。当代文坛上,能同时在小说和散文两块田地里经营,且自成一家的并不多,汪曾祺先生算是其中的一个。汪曾祺先生是公认的...','汪曾祺','散文',20.00,'江苏文艺出版社','prose_8.jpg'),(162,'撒哈拉的故事','★三毛——华文世界里的传奇女子，她的足迹遍及世界各地★此篇是三毛最受欢迎的作品，倾倒了全世界的华文读者★封面由台湾著名设计师聂永真倾情设计★全方位、多...','三毛','散文',24.00,'北京十月文艺出版社','prose_9.jpg'),(163,'皮囊','一部有着小说阅读质感的散文集，也是一本“认心又认人”的书。作者蔡崇达，本着对故乡亲人的情感，用一种客观、细致、冷静的方式，讲述了一系列刻在骨肉间故事。一个...','蔡崇达','散文',39.80,'天津人民出版社','prose_10.jpg'),(164,'亲爱的安德烈','安德烈十四岁的时候，龙应台离开欧洲，返回台湾，就任台北市首任文化局长。等她卸任回到儿子身边，安德烈已是一个一百八十四公分高的十八岁的小伙子，坐在桌子另一边，...','龙应台、[德] 安德烈','散文',26.00,'人民文学出版社','prose_11.jpg'),(165,'文化苦旅','《文化苦旅》一书于1992年首次出版，是余秋雨先生1980年代在海内外讲学和考察途中写下的作品，是他的第一部文化散文集。全书主要包括两部分，一部分为历史、文...','余秋雨','散文',38.00,'长江文艺出版社','prose_12.jpg'),(166,'爱你就像爱生命','王小波书信均选自朝华出版社2004年4月第一版《爱你就像爱生命》，此书系王小波生前从未发表过的与李银河的“两地书”，也是迄今他们夫妇最完整和独立的一本书信集...','王小波、李银河','散文',18.00,'上海锦绣文章出版社','prose_13.jpg'),(167,'哭泣的骆驼','在《哭泣的骆驼》中，三毛依然恋恋着墨沙漠生活周遭的人与事，《收魂记》、《搭车客》、《逍遥七岛游》、《一个陌生人的死》、《大胡子与我》等篇，情趣盎然；《沙巴军...','三毛','散文',15.80,'哈尔滨出版社','prose_14.jpg'),(168,'目送','目送共由七十四篇散文组成，是为一本极具亲情、感人至深的文集。由父亲的逝世、母亲的苍老、儿子的离开、朋友的牵挂、兄弟的携手共行，写出失败和脆弱、失落和放手，写...','龙应台','散文',39.00,'生活·读书·新知三联书店','prose_15.jpg'),(169,'阿勒泰的角落','《阿勒泰的角落》是关于新疆的最美丽文字，这是现代版《呼兰河传》。由作者1998-2003年之间陆续完成并在《文汇报》、《南方周末》等发表的短篇散文集结成册。...','李娟','散文',25.00,'万卷出版公司','prose_16.jpg'),(170,'坟','《坟》收作者1907年至1925年所作论文二十三篇。1927年3月由北京未名社初版，1929年3月第二次印刷时曾经作者校订。1930年4月第三次印刷改由上海...','鲁迅','散文',16.00,'人民文学出版社','prose_17.jpg'),(171,'冬牧场','文坛清新之风，阿勒泰的精灵李娟首部长篇纪实散文力作四个月、零距离、全程记述哈萨克民族冬牧场的点点滴滴！春天接羔，夏天催膘，秋天配种，冬天孕育。羊的一生...','李娟','散文',29.80,'新星出版社','prose_18.jpg'),(172,'梦里花落知多少','《梦里花落知多少》记录了荷西过世后三毛的生活，共23篇。内容均为台湾皇冠出版社81年至88年的初版。荷西的死对三毛又是一场劫难，因此由《背影》到这本书，在...','三毛','散文',28.00,'北京十月文艺出版社','prose_19.jpg'),(173,'我的阿勒泰','本书是作者十年来散文创作的合集。分为阿勒泰文字、阿勒泰角落和九篇雪三辑。这是一部描写疆北阿勒泰地区生活和风情的原生态散文集。充满生机活泼、新鲜动人的元素。记...','李娟','散文',22.00,'云南人民出版社','prose_20.jpg'),(174,'这些人，那些事','吴念真累积多年、珍藏心底的体会与感动。他写的每个故事，都蕴藏了我们无法预知的生命能量与心灵启发。跟他一起回望人生种种，您将学会包容、豁达与感恩……本书...','吴念真','散文',28.00,'译林出版社','prose_21.jpg'),(175,'瓦尔登湖','这本书的思想是崇尚简朴生活，热爱大自然的风光，内容丰厚，意义深远，语言生动，意境深邃，就像是个智慧的老人，闪现哲理灵光，又有高山流水那样的境界。书中记录了...','[美] 梭罗 徐迟','散文',11.00,'上海译文出版社','prose_22.jpg'),(176,'孩子你慢慢来','作为华人世界最有影响的一支笔，龙应台的文章有万丈豪气，然而《孩子你慢慢来》却令人惊叹，她的文字也可以有款款深情。这本书里的龙应台是一个母亲，作为母亲的龙应台...','龙应台','散文',28.00,'生活·读书·新知三联书店','prose_23.jpg'),(177,'遥远的向日葵地','此书为李娟近两年开始写作并发表在《文汇报》笔会的专栏——“遥远的向日葵地”的最新文字结集。“向日葵地”在阿勒泰戈壁草原的乌伦古河南岸，是李娟母亲多年前承包...','李娟','散文',38.00,'花城出版社','prose_24.jpg'),(178,'我与地坛','《我与地坛》收入《我与地坛》、《记忆与印象》等以记事为主的散文，配少量图片。《我与地坛》由中国当代著名作家史铁生著。是史铁生文学作品中，充满哲思又极为人性化...','史铁生','散文',23.00,'人民文学出版社','prose_25.jpg'),(179,'四个春天','《四个春天》是陆庆屹首部文字作品，文字质朴动人，摄影温暖治愈。24篇优美散文，展现了一对相濡以沫半个多世纪、多才多艺、幽默达观的老夫妇；塑造了众多性格鲜明、...','陆庆屹','散文',49.00,'南海出版公司','prose_26.jpg'),(180,'一个人就一个人','一个人，不是数字上的孤立，而是人格上的独立。在别人的故事里，你永远成不了主角。有底气一个人面对全世界，才有资格与世界平等对谈。一个人是所有生活，也是全...','刘同','散文',49.80,'北京联合出版公司·磨铁图书','prose_27.jpg'),(181,'当我谈跑步时我谈些什么','他以文字名满全球。他的“蓝调”令万千人神迷忧伤。文字是他的符号，“跑者蓝调”何尝不是？不再是浮华迷茫，不再是旖旎感伤，不再羚羊挂角无迹可寻——写了几十...','[日] 村上春树 施小炜','散文',25.00,'南海出版公司','prose_28.jpg'),(182,'散文课',' 复旦大学创意写作MFA专业散文课 国内第一本对现代散文进行条分缕析的创意写作指南 现代散文以自然的语言形态，照亮我们连绵不断的生命经验与复杂情感...','张怡微','散文',40.00,'华东师范大学出版社','prose_29.jpg'),(183,'一个人的村庄','《一个人的村庄》讲述了刘亮程是真正的作家，也是真正的农民，是真正的农民作家。作为农民，写作真正是他业余的事情；而作为作家，他却无时不在创作，即使在他扛着一把...','刘亮程','散文',28.00,'春风文艺出版社','prose_30.jpg'),(184,'雨季不再来','《雨季不再来》以三毛的生命历程为主题，记录了三毛17岁到22岁的成长过程，真实呈现出三毛少女时代的成长感受，辍学、自闭、叛逆，游学西班牙、德国、美国后，渐渐...','三毛','散文',28.00,'北京十月文艺出版社','prose_31.jpg'),(185,'撒哈拉的故事','三毛作品中最膾炙人口的《撒哈拉的故事》﹐由１２篇精采動人的散文結合而成﹐其中＜沙漠中的飯店＞﹐是三毛適應荒涼單調的沙漠生活後﹐重新拾筆的第一篇文字﹐...','三毛','散文',160.00,'皇冠出版社','prose_32.jpg'),(186,'目送','《目送：龙应台“人生三书”之三》——21世纪的《背影》 + 感人至深的“生死笔记”+ 龙应台亲手摄影 + 跨三代共读的人生之书……“有些路啊，只能一个人走...','龙应台','散文',43.00,'广西师范大学出版社','prose_33.jpg'),(187,'给青年的十二封信','本书是朱光潜先生旅欧期间写给国内青年朋友的十二封信，信中所说多为青年们所关心和应该关心的事项，如读书、修身、作文、社会运动、爱恋、哲理，凡此种种。自朱光潜先...','朱光潜','散文',12.80,'广西师范大学出版社','prose_34.jpg'),(188,'受戒',' ','汪曾祺','散文',3.90,'漓江出版社','prose_35.jpg'),(189,'我想做一个能在你的葬礼上描述你一生的人','我想做一个能在你的葬礼上描述你一生的人，没有壮阔的海誓山盟，也没有似水柔情的情话，只是这样一句凝重但又温馨动人的描述，却足以打动人心。看到这句话，有一种感觉...','贾平凹、史铁生、沈从文','散文',36.80,'台海出版社','prose_36.jpg'),(190,'自在独行','平凹先生素来喜静，最怕有人来敲他的房门。让他觉得自在的，要么就是行走于西北的大地，要么就是隐居在自己的书房。先生其实也喜欢热闹，只是先生的热闹并不是灯火灿...','贾平凹','散文',39.00,'长江文艺出版社','prose_37.jpg'),(191,'雅舍谈吃','梁实秋先生是公认的华语世界中的一代文化宗师之一。他的许多文学作品都流播海内外，被人们赞为经典。其中“雅舍小品”更是他的代表作，先后印行了三百多版。《雅舍谈吃...','梁实秋','散文',17.00,'山东画报出版社','prose_38.jpg'),(192,'文化苦旅','《文化苦旅》是余秋雨的第一部散文合集，所收作品主要包括两部分，一部分是历史、文化散文，散点论述，探寻文化；另一部分是回忆散文。','余秋雨','散文',22.00,'东方出版中心','prose_39.jpg'),(193,'万水千山走遍','大地啊，我来到你岸上时原是一个陌生人，住在你房子里时原是一个旅客，而今我离开你的门时却是一个朋友了。 当飞机降落在墨西哥首都的机场时，我的体力已经透支得几乎...','三毛','散文',13.80,'哈尔滨出版社','prose_40.jpg'),(194,'撒哈拉的故事','★搁笔十年之后首次以“三毛”笔名面向读者之作★流浪文学经典 畅销三十余年热度不减★与荷西传奇爱情的见证 唤起万千人心中的撒哈拉之梦在三毛的内心深处，撒...','三毛','散文',35.00,'北京十月文艺出版社','prose_41.jpg'),(195,'金蔷薇','《金蔷薇》是一部总结作者本人创作经验、研究俄罗斯和世界上许多文学大师的创作活动、探讨文学创作的过程、方法和目的的美文集。文学大师用他别具一格的文笔气势磅礴而...','[俄]帕乌斯托夫斯基 戴骢','散文',28.00,'上海译文出版社','prose_42.jpg'),(196,'慢煮生活','【内容简介】怀念汪曾祺最好的方式，就是阅读他的文字。本书为汪曾祺逝世20周年精装纪念散文集。完整收录《五味》《昆明的雨》《人间草木》《星斗其文，赤子其...','汪曾祺','散文',49.80,'江苏凤凰文艺出版社','prose_43.jpg'),(197,'平淡之喜','《平淡之喜》是作家黎戈的全新生活读书随笔集锦。作家沈书枝、王这么、钱红丽、魏小河诚意推荐。锁线裸脊，全彩双封，收录数十幅生活摄影，捕捉沉静如海的时光之美。全...','黎戈','散文',52.00,'江苏凤凰文艺出版社','prose_44.jpg'),(198,'纵身入山海','●日本五年，行山与寻海的日常。●靠近日式生活的核心，近距离觉察日本文化的脉络。●前《新周刊》主笔、《人物》专栏作者、旅日作家——库索作品。山海间藏有最...','库索','散文',79.80,'中信出版集团','prose_45.jpg'),(199,'人间草木','《人间草木》是汪曾祺先生的经典小品文集，他用极简的笔，极淡的墨写出了草木山川、花鸟虫鱼的人味，写出了乡情民俗、凡人小事温润的乡土味；以一颗从容豁达的心写出...','汪曾祺','散文',42.00,'北京时代华文书局','prose_46.jpg'),(200,'温柔的夜','《温柔的夜》记录了三毛在加纳利群岛的生活，共十四篇。','三毛','散文',28.00,'北京十月文艺出版社','prose_47.jpg'),(201,'生活，是很好玩的','内容简介：本书是备受推崇的“生活家”汪曾祺的散文精选集。生活家，就是热爱生活、多才多艺、有趣之人。汪曾祺就是是一位生活家。对生活心存热爱，从不消沉沮...','汪曾祺','散文',5.00,'江西人民出版社','prose_48.jpg'),(202,'受戒','《汪曾祺集》是一部中国当代文学大家汪曾祺作品的精美选本。《汪曾祺集》由北大学者倾力锤炼、打造，选目精当，选本权威。文集共分四本，《邂逅》、《受戒》为汪氏小说...','汪曾祺','散文',36.00,'北京十月文艺出版社','prose_49.jpg'),(203,'阿勒泰的角落','若无意指认那在伤感中徘徊、欲望中沉浮的生命就是我们本来的生命，那么，总还有别样干净明亮的生命，等着人去认领。这个时代，如果还有一个地方有传说，就是阿勒泰；...','李娟','散文',36.00,'新星出版社','prose_50.jpg'),(204,'历史深处的忧虑','美国的面积和中国差不多。和大多数留学生及新移民一样，当我们一脚踏上这块广袤的陌生土地时，最初落脚点的选择是十分偶然的。我们落在了一个普通的地方，居住的环境平...','林达','散文',19.00,'生活·读书·新知三联书店','prose_51.jpg'),(205,'巷里林泉','《巷里林泉》是一本文字温润幽默、平均每2分钟就能让人会心一笑的可爱随笔集。林泉是文人心里的美梦，身居市集，总怀着妄想逃去山林泉石的美丽地方。而作者的林泉，在...','故园风雨前','散文',58.00,'长江文艺出版社','prose_52.jpg'),(206,'没有的生活','世界对活着有无数定义我却要过什么也没有的生活这是一部写给所有年轻人的书，也是一部写给即将告别年轻时代的人们的书。无论是怀揣理想的卖梦人、向往远方的旅...','言叔夏','散文',49.00,'台海出版社','prose_53.jpg'),(207,'冷场','《脱口秀大会》主持人、网络人气吐槽大V李诞诚意新作，人间百态故事集。韩寒监制，「ONE 一个」工作室出品。一个平行宇宙中的李诞，嬉笑怒骂背后对人间的终极...','李诞','散文',42.00,'四川文艺出版社','prose_54.jpg'),(208,'湘行散记','这些信件及信中所附插图，作者生前未公开发表。1991年由沈虎雏整理、编辑成《湘行书简》，其中“引子”三函为张兆和致沈从文，“尾声”一函为沈从文致沈云六，余为...','沈从文、黄永玉（图）、卓雅（图）','散文',17.60,'北岳文艺出版社','prose_55.jpg'),(209,'素履之往','总觉得诗意和哲理之类，是零碎的、断续的、明灭的。多有两万七千行的诗剧，峰峦重叠的逻辑著作，哥德、黑格尔写完了也不言累，予一念及此已累得茫无头绪。 蒙田勿事体...','木心','散文',26.00,'广西师范大学出版社','prose_56.jpg'),(210,'小时候真傻，居然盼着长大','★现代文学里假如没有老舍，那就意味着文学缺少了一块致命的东西——大众老舍是一个不折不扣的代表大众思想和大众情感的大众作家，他的作品永远不会过时，因为他笔下...','老舍','散文',55.00,'天津人民出版社','prose_57.jpg'),(211,'我与父辈','◆荒诞现实主义大师剖析自我的真情之作：在我所有作品中，这是一颗钻石，和书的厚重相比，奖项和盛誉都太轻了。◆独家收录阎连科真挚长文《被我走丢了的家》，理解父...','阎连科','散文',42.00,'河南文艺出版社','prose_58.jpg'),(212,'梦里花落知多少','书中先是记录了三毛与荷西在撒哈拉沙漠结婚，白手成家的生活，而此时她的文学创作生涯也随之开启；后来移居加纳利群岛后，三毛的生活渐趋安定，她的创作也达到了很高的...','三毛','散文',24.00,'北京十月文艺出版社','prose_59.jpg'),(213,'我执','本书为梁文道先生所撰写的散文随笔集，是以香港《成报》文采版专栏“秘学笔记”的文字为主，谈及爱情婚姻、日常生活、疾病经历、信仰感悟、城市文化、文学艺术、历史记...','梁文道','散文',35.00,'广西师范大学出版社','prose_60.jpg'),(254,'撒哈拉的故事','三毛作品中最脍炙人口的《撒哈拉的故事》，由12篇精彩动人的散文结合而成，其中《沙漠中的饭店》，是三毛适应荒凉单调的沙漠生活后，重新拾笔的第一篇文字，自此之后...','三毛','旅行',15.80,'哈尔滨出版社','travel_1.jpg'),(255,'失落的卫星','如果你想了解世界，为何不先了解我们沉默的邻居？朝着太阳落下的方向，在雕像倒下的地方，寻找中亚的失落之心。·☆ 深入中亚大陆，探访神秘的邻人之国，作家刘...','刘子超','旅行',69.00,'文汇出版社','travel_2.jpg'),(256,'撒哈拉的故事','★三毛——华文世界里的传奇女子，她的足迹遍及世界各地★此篇是三毛最受欢迎的作品，倾倒了全世界的华文读者★封面由台湾著名设计师聂永真倾情设计★全方位、多...','三毛','旅行',24.00,'北京十月文艺出版社','travel_3.jpg'),(257,'江城','1996年8月底一个温热而清朗的夜晚，我从重庆出发，乘慢船，顺江而下来到涪陵。涪陵没有铁路，历来是四川省的贫困地区，公路非常糟糕。去哪里你都得坐船，但多半...','[美] 彼得·海斯勒 李雪顺','旅行',36.00,'上海译文出版社','travel_4.jpg'),(258,'寻路中国','我叫彼得·海斯勒，是《纽约客》驻北京记者。这本书讲述了我驾车漫游中国大陆的经历。2001年夏天，我考取了中国驾照，在此后的七年中，我驾车漫游于中国的乡村与...','[美] 彼得·海斯勒 李雪顺','旅行',33.00,'上海译文出版社','travel_5.jpg'),(259,'缅甸小日子','※安古兰漫画大奖得主的另类报告书※翻译成十多种语言的纸上纪录片※独一无二的缅甸纪实漫画※非浮光掠影式的深度旅行手账※一个神秘国度的荒诞与日常※漫画...','[加]盖·德利斯勒 王大莹','旅行',62.00,'后浪丨湖南美术出版社','travel_6.jpg'),(260,'乖，摸摸头','真实的故事自有万钧之力这本书讲述了12个真实的故事或许会让你看到那些你永远无法去体会的生活见识那些可能你永远都无法结交的人【乖，摸摸头】：“杂草敏”...','大冰','旅行',36.00,'湖南文艺出版社','travel_7.jpg'),(261,'旅行之道','编辑推荐：★ 不满足于只拥有此时此地的人生，我们阅读×旅行——当代著名旅行文学家保罗·索鲁总结之作，采撷故事与箴言，集合为一部随身携带的地球漫游指南，将四...','[美]保罗·索鲁','旅行',2011.00,'张芸','travel_8.jpg'),(262,'撒哈拉的故事','三毛作品中最膾炙人口的《撒哈拉的故事》﹐由１２篇精采動人的散文結合而成﹐其中＜沙漠中的飯店＞﹐是三毛適應荒涼單調的沙漠生活後﹐重新拾筆的第一篇文字﹐...','三毛','旅行',160.00,'皇冠出版社','travel_9.jpg'),(263,'一个人的朝圣','★2013年欧洲首席畅销小说，入围2012年布克文学奖，同名电影拍摄中★台湾读者表示“很久没有读一本书读到凌晨”、“是一个简单、素朴但会令人深深感动的故事...','[英] 蕾秋·乔伊斯 黄妙瑜','旅行',32.80,'北京联合出版公司','travel_10.jpg'),(264,'在路上','青年学生萨尔为追求个性自由，与狄安（以卡萨迪为原型）、玛丽露等一伙男女开车横穿全美，一路狂喝滥饮，耽迷酒色，流浪吸毒，性放纵，在经过精疲力竭的漫长放荡后，开...','[美] 杰克·凯鲁亚克 王永年','旅行',28.00,'上海译文出版社','travel_11.jpg'),(265,'万水千山走遍','大地啊，我来到你岸上时原是一个陌生人，住在你房子里时原是一个旅客，而今我离开你的门时却是一个朋友了。 当飞机降落在墨西哥首都的机场时，我的体力已经透支得几乎...','三毛','旅行',13.80,'哈尔滨出版社','travel_12.jpg'),(266,'纵身入山海','●日本五年，行山与寻海的日常。●靠近日式生活的核心，近距离觉察日本文化的脉络。●前《新周刊》主笔、《人物》专栏作者、旅日作家——库索作品。山海间藏有最...','库索','旅行',79.80,'中信出版集团','travel_13.jpg'),(267,'撒哈拉的故事','★搁笔十年之后首次以“三毛”笔名面向读者之作★流浪文学经典 畅销三十余年热度不减★与荷西传奇爱情的见证 唤起万千人心中的撒哈拉之梦在三毛的内心深处，撒...','三毛','旅行',35.00,'北京十月文艺出版社','travel_14.jpg'),(268,'北方的空地','《北方的空地》内容简介：人类首次以自力方式横穿大羌塘无人区，羌塘，地球上独有的超级荒原，当我们热衷谈论偏远的阿里和热闹非凡的可可西里时，对这片酷寒的高原依然...','杨柳松','旅行',68.00,'重庆出版社','travel_15.jpg'),(269,'阿勒泰的角落','《阿勒泰的角落》是关于新疆的最美丽文字，这是现代版《呼兰河传》。由作者1998-2003年之间陆续完成并在《文汇报》、《南方周末》等发表的短篇散文集结成册。...','李娟','旅行',25.00,'万卷出版公司','travel_16.jpg'),(270,'旅行的艺术','与一般中国读者的预期不同，《旅行的艺术》不是游记散文，不是导游手册，也不是论述旅行历史和意义的常识读本。这部书就像一场完美的旅程，教我们如何好奇、思考和观察...','[英] 阿兰·德波顿 南治国、彭俊豪、何世原','旅行',28.00,'上海译文出版社','travel_17.jpg'),(271,'午夜降临前抵达','【2015首届书店文学奖※年度旅行写作】【2015豆瓣年度好书】——————————————————————————————这是一本“走脑走心”、极具小...','刘子超','旅行',49.80,'中信出版社','travel_18.jpg'),(272,'沿着季风的方向','首届单向街书店文学奖.年度旅行写作、豆瓣年度好书得主，作家刘子超新作“所有人都应当成为水手，直到大海将他们解散。”作家刘子超再度沿着季风的方向出发，前...','刘子超','旅行',42.00,'人民文学出版社','travel_19.jpg'),(273,'文化苦旅','《文化苦旅》是余秋雨的第一部散文合集，所收作品主要包括两部分，一部分是历史、文化散文，散点论述，探寻文化；另一部分是回忆散文。','余秋雨','旅行',22.00,'东方出版中心','travel_20.jpg'),(274,'白夜行','东野圭吾万千书迷心中的无冕之王周刊文春推理小说年度BEST10第1名本格推理小说年度BEST10第2名《白夜行》是东野圭吾迄今口碑最好的长篇杰作，具备...','[日] 东野圭吾 刘姿君','推理',39.50,'南海出版公司','reasoning_1.jpg'),(275,'长夜难明','麦家、鹦鹉史航、马伯庸、雷米、周浩晖都推崇的作家社会派悬疑推理大神紫金陈“推理之王”系列第3部改编网络剧《沉默的真相》，廖凡、白宇主演，即将重磅上线第...','紫金陈','推理',42.00,'云南人民出版社','reasoning_2.jpg'),(276,'嫌疑人X的献身','百年一遇的数学天才石神，每天唯一的乐趣，便是去固定的便当店买午餐，只为看一眼在便当店做事的邻居靖子。靖子与女儿相依为命，失手杀了前来纠缠的前夫。石神提出由...','[日] 东野圭吾 刘子倩','推理',28.00,'南海出版公司','reasoning_3.jpg'),(277,'默读','童年，成长经历，家庭背景，社会关系，创伤……我们不断追溯与求索犯罪者的动机，探寻其中最幽微的喜怒哀乐，不是为了设身处地地同情、乃至于原谅他们，不是为了给罪...','Priest','推理',45.00,'百花洲文艺出版社','reasoning_4.jpg'),(278,'消失的13级台阶','【内容简介】一对老夫妇惨遭杀害。一切证据都指向树原亮，他却因车祸，恰好丧失了案发前后数小时的记忆……死刑执行官南乡携手刚假释出狱的纯一调查，希望替这位丧...','[日] 高野和明 赵建勋','推理',42.00,'上海文艺出版社','reasoning_5.jpg'),(279,'嫌疑人X的献身','百年一遇的数学天才石神，每天唯一的乐趣，便是去固定的便当店买午餐，只为看一眼在便当店做事的邻居靖子。靖子与女儿相依为命，失手杀了前来纠缠的前夫。石神提出由...','[日]东野圭吾 刘子倩','推理',35.00,'南海出版公司','reasoning_6.jpg'),(280,'解忧杂货店','现代人内心流失的东西，这家杂货店能帮你找回——僻静的街道旁有一家杂货店，只要写下烦恼投进卷帘门的投信口，第二天就会在店后的牛奶箱里得到回答。因男友身患绝...','[日] 东野圭吾 李盈春','推理',39.50,'南海出版公司','reasoning_7.jpg'),(281,'福尔摩斯探案全集（上中下）','最经典的群众出版社的翻译版本，一经出版，立即风靡成千上万的中国人。离奇的情节，扣人的悬念，世界上最聪明的侦探，人间最诡秘的案情，福尔摩斯不但让罪犯无处藏身，...','阿·柯南道尔 丁钟华','推理',53.00,'群众出版社','reasoning_8.jpg'),(282,'生吞','现象级悬疑力作，悬疑文学榜年度黑马作品；张一白、史航、那多、关晓彤联名推荐！数度脱销，重磅再版！睽违数年，郑执重操长篇。构思两年半，以现实大案为背景，推理...','郑执','推理',39.00,'浙江文艺出版社','reasoning_9.jpg'),(283,'恶意','畅销书作家在出国的前一晚于家中被杀。凶手很快落网，对罪行供认不讳、但求速死，却对作案动机语焉不详。他当真是罪犯？他究竟为何杀人？在彻查被害人与凶手的过去...','[日] 东野圭吾 娄美莲','推理',18.00,'南海出版公司','reasoning_10.jpg'),(284,'东方快车谋杀案','午夜过后，一场大雪迫使东方快车停了下来。这辆豪华列车整年都处于满员状态。但那天早上却发现少了一名乘客。一个美国人死在了他的包厢里，他被刺了十二刀，可他包厢的...','[英] 阿加莎·克里斯蒂 陈尧光','推理',18.00,'人民文学出版社','reasoning_11.jpg'),(285,'坏小孩','麦家、鹦鹉史航、马伯庸、雷米、周浩晖都推崇的作家社会派悬疑推理大神紫金陈“推理之王”系列第2部改编网络剧《隐秘的角落》，秦昊、王景春主演，现已重磅上线...','紫金陈','推理',54.00,'湖南文艺出版社','reasoning_12.jpg'),(286,'白夜行','“只希望能手牵手在太阳下散步”，这个象征故事内核的绝望念想，有如一个美丽的幌子，随着无数凌乱、压抑、悲凉的故事片段像纪录片一样一一还原：没有痴痴相思，没有海...','[日] 东野圭吾 刘姿君','推理',29.80,'南海出版公司','reasoning_13.jpg'),(287,'恶意','《恶意》是东野圭吾挑战写作极限的长篇杰作，与《白夜行》《嫌疑人X的献身》《解忧杂货店》并称东野圭吾四大杰作。《恶意》深刻揭示人性，故事中无边的恶意深不见底，...','[日] 东野圭吾 娄美莲','推理',39.50,'南海出版公司','reasoning_14.jpg'),(288,'无人生还','十个互不相识的人，被富有的欧文先生邀请到了印地安岛上的私人别墅里。晚餐后，一个神秘的声音揭开了人们心中所各自隐藏着的可怕秘密。当天晚上，年轻的马斯顿先生离奇...','[英] 阿加莎・克里斯蒂 祁阿红','推理',19.00,'人民文学出版社','reasoning_15.jpg'),(289,'诡计博物馆','◆当25年前的证据开口说话，才发现凶手一直就在身边！◆密室大奖NO.1、本格推理BEST10、“这本推理小说好厉害！”榜单作品◆短篇推理之神大山诚一郎的...','[日] 大山诚一郎 吕平','推理',39.90,'上海文艺出版社','reasoning_16.jpg'),(290,'13 67','我們以為自己走在正確的道路上，為什麼走著走著，人生卻變了樣？第一本讓我們感到驕傲的華文警察小說最高傑作！一組數字，六個片斷，構成一位警探的故事，一...','陳浩基','推理',350.00,'皇冠','reasoning_17.jpg'),(291,'克莱因壶','什么时候你开始怀疑这个世界是假的？.日本虚拟现实VR题材开山杰作，超前《盗梦空间》20年！传奇推理作家组合冈岛二人预言之书，以超强的技术预见力，30...','[日]冈岛二人 张舟','推理',48.00,'化学工业出版社','reasoning_18.jpg'),(292,'无人生还','十个素不相识、身份各异的人受邀前往德文郡海岸边一座孤岛上的豪宅。客人到齐后，主人却没有出现。当晚，一个神秘的声音发出指控，分别说出每个人心中罪恶的秘密。接...','[英] 阿加莎·克里斯蒂 夏阳','推理',28.00,'新星出版社','reasoning_19.jpg'),(293,'无证之罪','麦家、鹦鹉史航、马伯庸、雷米、周浩晖 都推崇的作家：近年天涯唯一点击量过千万的推理大神、天涯十佳作者，紫金陈最新最霸气最值得期待的系列作品，网上读不到的...','紫金陈','推理',49.00,'浦睿文化·湖南人民出版社','reasoning_20.jpg');
/*!40000 ALTER TABLE `books` ENABLE KEYS */;
UNLOCK TABLES;

--
-- Table structure for table `cart`
--

DROP TABLE IF EXISTS `cart`;
/*!40101 SET @saved_cs_client     = @@character_set_client */;
/*!50503 SET character_set_client = utf8mb4 */;
CREATE TABLE `cart` (
  `uId` int NOT NULL,
  `bId` int NOT NULL,
  `bNum` int NOT NULL,
  PRIMARY KEY (`uId`,`bId`),
  KEY `bId` (`bId`),
  CONSTRAINT `cart_ibfk_1` FOREIGN KEY (`uId`) REFERENCES `users` (`uId`),
  CONSTRAINT `cart_ibfk_2` FOREIGN KEY (`bId`) REFERENCES `books` (`bId`)
) ENGINE=InnoDB DEFAULT CHARSET=utf8mb4 COLLATE=utf8mb4_0900_ai_ci;
/*!40101 SET character_set_client = @saved_cs_client */;

--
-- Dumping data for table `cart`
--

LOCK TABLES `cart` WRITE;
/*!40000 ALTER TABLE `cart` DISABLE KEYS */;
/*!40000 ALTER TABLE `cart` ENABLE KEYS */;
UNLOCK TABLES;

--
-- Table structure for table `orderbook`
--

DROP TABLE IF EXISTS `orderbook`;
/*!40101 SET @saved_cs_client     = @@character_set_client */;
/*!50503 SET character_set_client = utf8mb4 */;
CREATE TABLE `orderbook` (
  `oId` int NOT NULL,
  `bId` int NOT NULL,
  `bNum` int NOT NULL,
  PRIMARY KEY (`oId`,`bId`),
  KEY `oId` (`oId`,`bId`),
  KEY `bId` (`bId`),
  CONSTRAINT `orderbook_ibfk_1` FOREIGN KEY (`oId`) REFERENCES `orders` (`oId`),
  CONSTRAINT `orderbook_ibfk_2` FOREIGN KEY (`bId`) REFERENCES `books` (`bId`)
) ENGINE=InnoDB DEFAULT CHARSET=utf8mb4 COLLATE=utf8mb4_0900_ai_ci;
/*!40101 SET character_set_client = @saved_cs_client */;

--
-- Dumping data for table `orderbook`
--

LOCK TABLES `orderbook` WRITE;
/*!40000 ALTER TABLE `orderbook` DISABLE KEYS */;
INSERT INTO `orderbook` VALUES (3,3,1),(4,4,1),(9,1,1),(9,2,2),(9,3,3),(9,4,4),(9,5,5),(10,1,1),(10,2,2),(10,3,3),(10,4,4),(10,5,5),(11,1,1),(11,2,2),(11,3,3),(11,4,4),(11,5,5),(12,1,1),(12,2,2),(12,3,3),(12,4,4),(12,5,5),(13,1,1),(13,2,2),(13,3,3),(13,4,4),(13,5,5),(14,1,1),(14,2,2),(14,3,3),(14,4,4),(14,5,5),(15,1,1),(15,2,2),(15,3,3),(15,4,4),(15,5,5),(16,1,1),(16,2,2),(16,3,3),(16,4,4),(16,5,5),(17,1,1),(17,2,2),(17,3,3),(17,4,4),(17,5,5),(18,1,1),(18,2,2),(18,3,3),(18,4,4),(18,5,5);
/*!40000 ALTER TABLE `orderbook` ENABLE KEYS */;
UNLOCK TABLES;

--
-- Table structure for table `orders`
--

DROP TABLE IF EXISTS `orders`;
/*!40101 SET @saved_cs_client     = @@character_set_client */;
/*!50503 SET character_set_client = utf8mb4 */;
CREATE TABLE `orders` (
  `oId` int NOT NULL AUTO_INCREMENT,
  `uId` int NOT NULL,
  `oTotalPrice` decimal(8,2) NOT NULL,
  `oAddress` varchar(45) NOT NULL,
  `oState` varchar(45) NOT NULL,
  PRIMARY KEY (`oId`),
  KEY `oId` (`oId`),
  KEY `oId_2` (`oId`,`uId`),
  KEY `uId` (`uId`),
  CONSTRAINT `orders_ibfk_1` FOREIGN KEY (`uId`) REFERENCES `users` (`uId`)
) ENGINE=InnoDB AUTO_INCREMENT=19 DEFAULT CHARSET=utf8mb4 COLLATE=utf8mb4_0900_ai_ci;
/*!40101 SET character_set_client = @saved_cs_client */;

--
-- Dumping data for table `orders`
--

LOCK TABLES `orders` WRITE;
/*!40000 ALTER TABLE `orders` DISABLE KEYS */;
INSERT INTO `orders` VALUES (3,123,666.00,'华南师范大学','已完成'),(4,123,10.00,'华南师范大学','已完成'),(6,123,100.00,'100','进行中'),(7,123,100.00,'华师','已完成'),(8,123,100.00,'华师','进行中'),(9,123,100.00,'华师','进行中'),(10,123,100.00,'华师','进行中'),(11,123,100.00,'华师','进行中'),(12,123,100.00,'华师','进行中'),(13,123,100.00,'华师','进行中'),(14,123,100.00,'华师','进行中'),(15,123,100.00,'华师','进行中'),(16,123,100.00,'华师','进行中'),(17,123,100.00,'华师','进行中'),(18,123,100.00,'华师','进行中');
/*!40000 ALTER TABLE `orders` ENABLE KEYS */;
UNLOCK TABLES;

--
-- Table structure for table `users`
--

DROP TABLE IF EXISTS `users`;
/*!40101 SET @saved_cs_client     = @@character_set_client */;
/*!50503 SET character_set_client = utf8mb4 */;
CREATE TABLE `users` (
  `uId` int NOT NULL AUTO_INCREMENT,
  `uName` varchar(45) NOT NULL,
  `uPwd` varchar(45) NOT NULL,
  `uPhone` varchar(45) NOT NULL,
  PRIMARY KEY (`uId`)
) ENGINE=InnoDB AUTO_INCREMENT=124 DEFAULT CHARSET=utf8mb4 COLLATE=utf8mb4_0900_ai_ci;
/*!40101 SET character_set_client = @saved_cs_client */;

--
-- Dumping data for table `users`
--

LOCK TABLES `users` WRITE;
/*!40000 ALTER TABLE `users` DISABLE KEYS */;
INSERT INTO `users` VALUES (123,'123','123','123');
/*!40000 ALTER TABLE `users` ENABLE KEYS */;
UNLOCK TABLES;
/*!40103 SET TIME_ZONE=@OLD_TIME_ZONE */;

/*!40101 SET SQL_MODE=@OLD_SQL_MODE */;
/*!40014 SET FOREIGN_KEY_CHECKS=@OLD_FOREIGN_KEY_CHECKS */;
/*!40014 SET UNIQUE_CHECKS=@OLD_UNIQUE_CHECKS */;
/*!40101 SET CHARACTER_SET_CLIENT=@OLD_CHARACTER_SET_CLIENT */;
/*!40101 SET CHARACTER_SET_RESULTS=@OLD_CHARACTER_SET_RESULTS */;
/*!40101 SET COLLATION_CONNECTION=@OLD_COLLATION_CONNECTION */;
/*!40111 SET SQL_NOTES=@OLD_SQL_NOTES */;

-- Dump completed on 2020-12-03 22:34:18
